{
  "project_info": {
    "project_number": "665419796348",
    "project_id": "priyamsharma-e56eb",
    "storage_bucket": "priyamsharma-e56eb.firebasestorage.app"
  },
  "client": [
    {
      "client_info": {
        "mobilesdk_app_id": "1:665419796348:android:31b4e8b559b686ea099ef9",
        "android_client_info": {
          "package_name": "com.example.firebase"
        }
      },
      "oauth_client": [],
      "api_key": [
        {
          "current_key": "AIzaSyBoCI0SQX4T3Efc-kPka21kGGZ-OTZhwBg"
        }
      ],
      "services": {
        "appinvite_service": {
          "other_platform_oauth_client": []
        }
      }
    }
  ],
  "configuration_version": "1"
}